regulator_code,stable_regulator_id,authority_id,country_code,authority,role_mapping,component,weight_pct,value,available,evidence,blocker
FCA,ra-reg-fca,ra-auth-gb-9eea37a5bdddca65,GB,The Financial Conduct Authority,insurance;prudential_supervision;securities,accessibility,20,100,true,access_state=reachable;source_route_state=authority-owned;source_checked_at=2026-08-20T12:11:07.553Z,
FCA,ra-reg-fca,ra-auth-gb-9eea37a5bdddca65,GB,The Financial Conduct Authority,insurance;prudential_supervision;securities,caseLevelSpecificity,25,100,true,sample_size=100;complete_case_fields=100;Fields read directly from /api/unified/search sample; monetary amount is not required.,
FCA,ra-reg-fca,ra-auth-gb-9eea37a5bdddca65,GB,The Financial Conduct Authority,insurance;prudential_supervision;securities,sourceTraceability,20,100,true,"sample_size=100;traceable_cases=100;verified_source_status_cases=27;Traceability requires a stable case ID, official-source URL field and explicit source-link status; verified status is reported but not substituted for missing evidence.",
FCA,ra-reg-fca,ra-auth-gb-9eea37a5bdddca65,GB,The Financial Conduct Authority,insurance;prudential_supervision;securities,archiveDepth,20,100,true,"active_years=14;authority_id=ra-auth-gb-9eea37a5bdddca65;archive_access_state=dated-first-page-signal;Observed active years are an archive-depth observation, not a completeness claim; ten or more observed years reaches the component ceiling.",
FCA,ra-reg-fca,ra-auth-gb-9eea37a5bdddca65,GB,The Financial Conduct Authority,insurance;prudential_supervision;securities,timeliness,15,98.3333,true,"age_days=3;stale_after_days=180;cadence=daily;This is timeliness against the regulator-specific RegActions observation contract, not an inferred publication-delay measure.",
BaFin,ra-reg-bafin,ra-auth-de-ba7351f59cf176d7,DE,Federal Financial Supervisory Authority,insurance;pensions;prudential_supervision;securities,accessibility,20,,false,qualification_state=manual-review-required,Official route remains under review and cannot support an accessibility component.
BaFin,ra-reg-bafin,ra-auth-de-ba7351f59cf176d7,DE,Federal Financial Supervisory Authority,insurance;pensions;prudential_supervision;securities,caseLevelSpecificity,25,100,true,sample_size=100;complete_case_fields=100;Fields read directly from /api/unified/search sample; monetary amount is not required.,
BaFin,ra-reg-bafin,ra-auth-de-ba7351f59cf176d7,DE,Federal Financial Supervisory Authority,insurance;pensions;prudential_supervision;securities,sourceTraceability,20,100,true,"sample_size=100;traceable_cases=100;verified_source_status_cases=98;Traceability requires a stable case ID, official-source URL field and explicit source-link status; verified status is reported but not substituted for missing evidence.",
BaFin,ra-reg-bafin,ra-auth-de-ba7351f59cf176d7,DE,Federal Financial Supervisory Authority,insurance;pensions;prudential_supervision;securities,archiveDepth,20,,false,active_years=6,"Archive span is present in the live observation, but the mapped official publication route is not approved-for-human-contract."
BaFin,ra-reg-bafin,ra-auth-de-ba7351f59cf176d7,DE,Federal Financial Supervisory Authority,insurance;pensions;prudential_supervision;securities,timeliness,15,90.5556,true,"age_days=17;stale_after_days=180;cadence=daily;This is timeliness against the regulator-specific RegActions observation contract, not an inferred publication-delay measure.",
AMF,ra-reg-amf,ra-auth-fr-27fcd26120dee0c9,FR,Autorité des marchés financiers*,securities,accessibility,20,100,true,access_state=reachable;source_route_state=authority-owned;source_checked_at=2026-08-20T12:11:07.553Z,
AMF,ra-reg-amf,ra-auth-fr-27fcd26120dee0c9,FR,Autorité des marchés financiers*,securities,caseLevelSpecificity,25,100,true,sample_size=100;complete_case_fields=100;Fields read directly from /api/unified/search sample; monetary amount is not required.,
AMF,ra-reg-amf,ra-auth-fr-27fcd26120dee0c9,FR,Autorité des marchés financiers*,securities,sourceTraceability,20,100,true,"sample_size=100;traceable_cases=100;verified_source_status_cases=9;Traceability requires a stable case ID, official-source URL field and explicit source-link status; verified status is reported but not substituted for missing evidence.",
AMF,ra-reg-amf,ra-auth-fr-27fcd26120dee0c9,FR,Autorité des marchés financiers*,securities,archiveDepth,20,100,true,"active_years=12;authority_id=ra-auth-fr-27fcd26120dee0c9;archive_access_state=first-page-observed-no-date;Observed active years are an archive-depth observation, not a completeness claim; ten or more observed years reaches the component ceiling.",
AMF,ra-reg-amf,ra-auth-fr-27fcd26120dee0c9,FR,Autorité des marchés financiers*,securities,timeliness,15,93.6986,true,"age_days=23;stale_after_days=365;cadence=daily;This is timeliness against the regulator-specific RegActions observation contract, not an inferred publication-delay measure.",
CNMV,ra-reg-cnmv,ra-auth-es-db7b4ceffc1383fb,ES,Comisión Nacional del Mercado de Valores*,securities,accessibility,20,,false,,No qualified official publication route matched the live regulator.
CNMV,ra-reg-cnmv,ra-auth-es-db7b4ceffc1383fb,ES,Comisión Nacional del Mercado de Valores*,securities,caseLevelSpecificity,25,100,true,sample_size=100;complete_case_fields=100;Fields read directly from /api/unified/search sample; monetary amount is not required.,
CNMV,ra-reg-cnmv,ra-auth-es-db7b4ceffc1383fb,ES,Comisión Nacional del Mercado de Valores*,securities,sourceTraceability,20,100,true,"sample_size=100;traceable_cases=100;verified_source_status_cases=96;Traceability requires a stable case ID, official-source URL field and explicit source-link status; verified status is reported but not substituted for missing evidence.",
CNMV,ra-reg-cnmv,ra-auth-es-db7b4ceffc1383fb,ES,Comisión Nacional del Mercado de Valores*,securities,archiveDepth,20,,false,active_years=6,"Archive span is present in the live observation, but the mapped official publication route is not approved-for-human-contract."
CNMV,ra-reg-cnmv,ra-auth-es-db7b4ceffc1383fb,ES,Comisión Nacional del Mercado de Valores*,securities,timeliness,15,81.1111,true,"age_days=34;stale_after_days=180;cadence=daily;This is timeliness against the regulator-specific RegActions observation contract, not an inferred publication-delay measure.",
CBI,ra-reg-cbi,ra-auth-ie-c0b5db67449c98df,IE,Central Bank of Ireland,insurance;prudential_supervision;securities,accessibility,20,100,true,access_state=reachable;source_route_state=authority-owned;source_checked_at=2026-08-20T12:11:07.553Z,
CBI,ra-reg-cbi,ra-auth-ie-c0b5db67449c98df,IE,Central Bank of Ireland,insurance;prudential_supervision;securities,caseLevelSpecificity,25,100,true,sample_size=100;complete_case_fields=100;Fields read directly from /api/unified/search sample; monetary amount is not required.,
CBI,ra-reg-cbi,ra-auth-ie-c0b5db67449c98df,IE,Central Bank of Ireland,insurance;prudential_supervision;securities,sourceTraceability,20,100,true,"sample_size=100;traceable_cases=100;verified_source_status_cases=96;Traceability requires a stable case ID, official-source URL field and explicit source-link status; verified status is reported but not substituted for missing evidence.",
CBI,ra-reg-cbi,ra-auth-ie-c0b5db67449c98df,IE,Central Bank of Ireland,insurance;prudential_supervision;securities,archiveDepth,20,100,true,"active_years=18;authority_id=ra-auth-ie-c0b5db67449c98df;archive_access_state=first-page-observed-no-date;Observed active years are an archive-depth observation, not a completeness claim; ten or more observed years reaches the component ceiling.",
CBI,ra-reg-cbi,ra-auth-ie-c0b5db67449c98df,IE,Central Bank of Ireland,insurance;prudential_supervision;securities,timeliness,15,31.2329,true,"age_days=251;stale_after_days=365;cadence=daily;This is timeliness against the regulator-specific RegActions observation contract, not an inferred publication-delay measure.",
SFC,ra-reg-sfc,ra-auth-hk-7242883237a6e80c,HK,Securities and Futures Commission*,securities,accessibility,20,,false,,No qualified official publication route matched the live regulator.
SFC,ra-reg-sfc,ra-auth-hk-7242883237a6e80c,HK,Securities and Futures Commission*,securities,caseLevelSpecificity,25,100,true,sample_size=100;complete_case_fields=100;Fields read directly from /api/unified/search sample; monetary amount is not required.,
SFC,ra-reg-sfc,ra-auth-hk-7242883237a6e80c,HK,Securities and Futures Commission*,securities,sourceTraceability,20,100,true,"sample_size=100;traceable_cases=100;verified_source_status_cases=100;Traceability requires a stable case ID, official-source URL field and explicit source-link status; verified status is reported but not substituted for missing evidence.",
SFC,ra-reg-sfc,ra-auth-hk-7242883237a6e80c,HK,Securities and Futures Commission*,securities,archiveDepth,20,,false,active_years=7,"Archive span is present in the live observation, but the mapped official publication route is not approved-for-human-contract."
SFC,ra-reg-sfc,ra-auth-hk-7242883237a6e80c,HK,Securities and Futures Commission*,securities,timeliness,15,96.1111,true,"age_days=7;stale_after_days=180;cadence=daily;This is timeliness against the regulator-specific RegActions observation contract, not an inferred publication-delay measure.",
AFM,ra-reg-afm,ra-auth-nl-3dea2d27ee965e72,NL,The Dutch Authority for the Financial Markets*,insurance;securities,accessibility,20,,false,qualification_state=manual-review-required,Official route remains under review and cannot support an accessibility component.
AFM,ra-reg-afm,ra-auth-nl-3dea2d27ee965e72,NL,The Dutch Authority for the Financial Markets*,insurance;securities,caseLevelSpecificity,25,100,true,sample_size=8;complete_case_fields=8;Fields read directly from /api/unified/search sample; monetary amount is not required.,
AFM,ra-reg-afm,ra-auth-nl-3dea2d27ee965e72,NL,The Dutch Authority for the Financial Markets*,insurance;securities,sourceTraceability,20,100,true,"sample_size=8;traceable_cases=8;verified_source_status_cases=0;Traceability requires a stable case ID, official-source URL field and explicit source-link status; verified status is reported but not substituted for missing evidence.",
AFM,ra-reg-afm,ra-auth-nl-3dea2d27ee965e72,NL,The Dutch Authority for the Financial Markets*,insurance;securities,archiveDepth,20,,false,active_years=2,"Archive span is present in the live observation, but the mapped official publication route is not approved-for-human-contract."
AFM,ra-reg-afm,ra-auth-nl-3dea2d27ee965e72,NL,The Dutch Authority for the Financial Markets*,insurance;securities,timeliness,15,100,true,"age_days=0;stale_after_days=180;cadence=daily;This is timeliness against the regulator-specific RegActions observation contract, not an inferred publication-delay measure.",
DNB,ra-reg-dnb,ra-auth-nl-6a14d64a431056ac,NL,De Nederlandsche Bank,insurance;pensions;prudential_supervision,accessibility,20,100,true,access_state=reachable;source_route_state=authority-owned;source_checked_at=2026-08-20T12:11:07.553Z,
DNB,ra-reg-dnb,ra-auth-nl-6a14d64a431056ac,NL,De Nederlandsche Bank,insurance;pensions;prudential_supervision,caseLevelSpecificity,25,100,true,sample_size=48;complete_case_fields=48;Fields read directly from /api/unified/search sample; monetary amount is not required.,
DNB,ra-reg-dnb,ra-auth-nl-6a14d64a431056ac,NL,De Nederlandsche Bank,insurance;pensions;prudential_supervision,sourceTraceability,20,100,true,"sample_size=48;traceable_cases=48;verified_source_status_cases=0;Traceability requires a stable case ID, official-source URL field and explicit source-link status; verified status is reported but not substituted for missing evidence.",
DNB,ra-reg-dnb,ra-auth-nl-6a14d64a431056ac,NL,De Nederlandsche Bank,insurance;pensions;prudential_supervision,archiveDepth,20,44.4444,true,"active_years=5;authority_id=ra-auth-nl-6a14d64a431056ac;archive_access_state=dated-first-page-signal;Observed active years are an archive-depth observation, not a completeness claim; ten or more observed years reaches the component ceiling.",
DNB,ra-reg-dnb,ra-auth-nl-6a14d64a431056ac,NL,De Nederlandsche Bank,insurance;pensions;prudential_supervision,timeliness,15,7.2222,true,"age_days=167;stale_after_days=180;cadence=daily;This is timeliness against the regulator-specific RegActions observation contract, not an inferred publication-delay measure.",
ECB,ra-reg-ecb,,EU,,,accessibility,20,,false,,No qualified official publication route matched the live regulator.
ECB,ra-reg-ecb,,EU,,,caseLevelSpecificity,25,100,true,sample_size=88;complete_case_fields=88;Fields read directly from /api/unified/search sample; monetary amount is not required.,
ECB,ra-reg-ecb,,EU,,,sourceTraceability,20,100,true,"sample_size=88;traceable_cases=88;verified_source_status_cases=88;Traceability requires a stable case ID, official-source URL field and explicit source-link status; verified status is reported but not substituted for missing evidence.",
ECB,ra-reg-ecb,,EU,,,archiveDepth,20,,false,active_years=11,"Archive span is present in the live observation, but the mapped official publication route is not approved-for-human-contract."
ECB,ra-reg-ecb,,EU,,,timeliness,15,65.5556,true,"age_days=62;stale_after_days=180;cadence=daily;This is timeliness against the regulator-specific RegActions observation contract, not an inferred publication-delay measure.",
DFSA,ra-reg-dfsa,ra-auth-ae-cc9e71ec2ffbc2f5,AE,Dubai Financial Services Authority,insurance;prudential_supervision;securities,accessibility,20,,false,,No qualified official publication route matched the live regulator.
DFSA,ra-reg-dfsa,ra-auth-ae-cc9e71ec2ffbc2f5,AE,Dubai Financial Services Authority,insurance;prudential_supervision;securities,caseLevelSpecificity,25,100,true,sample_size=19;complete_case_fields=19;Fields read directly from /api/unified/search sample; monetary amount is not required.,
DFSA,ra-reg-dfsa,ra-auth-ae-cc9e71ec2ffbc2f5,AE,Dubai Financial Services Authority,insurance;prudential_supervision;securities,sourceTraceability,20,100,true,"sample_size=19;traceable_cases=19;verified_source_status_cases=0;Traceability requires a stable case ID, official-source URL field and explicit source-link status; verified status is reported but not substituted for missing evidence.",
DFSA,ra-reg-dfsa,ra-auth-ae-cc9e71ec2ffbc2f5,AE,Dubai Financial Services Authority,insurance;prudential_supervision;securities,archiveDepth,20,,false,active_years=8,"Archive span is present in the live observation, but the mapped official publication route is not approved-for-human-contract."
DFSA,ra-reg-dfsa,ra-auth-ae-cc9e71ec2ffbc2f5,AE,Dubai Financial Services Authority,insurance;prudential_supervision;securities,timeliness,15,46.5753,true,"age_days=195;stale_after_days=365;cadence=fragile;This is timeliness against the regulator-specific RegActions observation contract, not an inferred publication-delay measure.",
FSRA,ra-reg-fsra,ra-auth-ae-a2eaf322568b7d54,AE,Financial Services Regulatory Authority,insurance;securities,accessibility,20,,false,,No qualified official publication route matched the live regulator.
FSRA,ra-reg-fsra,ra-auth-ae-a2eaf322568b7d54,AE,Financial Services Regulatory Authority,insurance;securities,caseLevelSpecificity,25,100,true,sample_size=28;complete_case_fields=28;Fields read directly from /api/unified/search sample; monetary amount is not required.,
FSRA,ra-reg-fsra,ra-auth-ae-a2eaf322568b7d54,AE,Financial Services Regulatory Authority,insurance;securities,sourceTraceability,20,100,true,"sample_size=28;traceable_cases=28;verified_source_status_cases=28;Traceability requires a stable case ID, official-source URL field and explicit source-link status; verified status is reported but not substituted for missing evidence.",
FSRA,ra-reg-fsra,ra-auth-ae-a2eaf322568b7d54,AE,Financial Services Regulatory Authority,insurance;securities,archiveDepth,20,,false,active_years=2,"Archive span is present in the live observation, but the mapped official publication route is not approved-for-human-contract."
FSRA,ra-reg-fsra,ra-auth-ae-a2eaf322568b7d54,AE,Financial Services Regulatory Authority,insurance;securities,timeliness,15,72.3288,true,"age_days=101;stale_after_days=365;cadence=daily;This is timeliness against the regulator-specific RegActions observation contract, not an inferred publication-delay measure.",
CBUAE,ra-reg-cbuae,ra-auth-ae-da705b04944a16ff,AE,Central Bank of the United Arab Emirates,prudential_supervision,accessibility,20,,false,,No qualified official publication route matched the live regulator.
CBUAE,ra-reg-cbuae,ra-auth-ae-da705b04944a16ff,AE,Central Bank of the United Arab Emirates,prudential_supervision,caseLevelSpecificity,25,100,true,sample_size=36;complete_case_fields=36;Fields read directly from /api/unified/search sample; monetary amount is not required.,
CBUAE,ra-reg-cbuae,ra-auth-ae-da705b04944a16ff,AE,Central Bank of the United Arab Emirates,prudential_supervision,sourceTraceability,20,100,true,"sample_size=36;traceable_cases=36;verified_source_status_cases=33;Traceability requires a stable case ID, official-source URL field and explicit source-link status; verified status is reported but not substituted for missing evidence.",
CBUAE,ra-reg-cbuae,ra-auth-ae-da705b04944a16ff,AE,Central Bank of the United Arab Emirates,prudential_supervision,archiveDepth,20,,false,active_years=6,"Archive span is present in the live observation, but the mapped official publication route is not approved-for-human-contract."
CBUAE,ra-reg-cbuae,ra-auth-ae-da705b04944a16ff,AE,Central Bank of the United Arab Emirates,prudential_supervision,timeliness,15,34.2466,true,"age_days=240;stale_after_days=365;cadence=fragile;This is timeliness against the regulator-specific RegActions observation contract, not an inferred publication-delay measure.",
JFSC,ra-reg-jfsc,ra-auth-je-5a2e6c5b726f4bd9,JE,Jersey Financial Services Commission,insurance;prudential_supervision;securities,accessibility,20,,false,,No qualified official publication route matched the live regulator.
JFSC,ra-reg-jfsc,ra-auth-je-5a2e6c5b726f4bd9,JE,Jersey Financial Services Commission,insurance;prudential_supervision;securities,caseLevelSpecificity,25,100,true,sample_size=6;complete_case_fields=6;Fields read directly from /api/unified/search sample; monetary amount is not required.,
JFSC,ra-reg-jfsc,ra-auth-je-5a2e6c5b726f4bd9,JE,Jersey Financial Services Commission,insurance;prudential_supervision;securities,sourceTraceability,20,100,true,"sample_size=6;traceable_cases=6;verified_source_status_cases=0;Traceability requires a stable case ID, official-source URL field and explicit source-link status; verified status is reported but not substituted for missing evidence.",
JFSC,ra-reg-jfsc,ra-auth-je-5a2e6c5b726f4bd9,JE,Jersey Financial Services Commission,insurance;prudential_supervision;securities,archiveDepth,20,,false,active_years=5,"Archive span is present in the live observation, but the mapped official publication route is not approved-for-human-contract."
JFSC,ra-reg-jfsc,ra-auth-je-5a2e6c5b726f4bd9,JE,Jersey Financial Services Commission,insurance;prudential_supervision;securities,timeliness,15,,false,age_days=385;automation_level=sparse_source,Low-frequency or sparse source is kept as a watch; observation age is not treated as a failed transparency score.
GFSC,ra-reg-gfsc,ra-auth-gg-1e035352eed2575c,GG,Guernsey Financial Services Commission,insurance;pensions;prudential_supervision;securities,accessibility,20,100,true,access_state=reachable;source_route_state=authority-owned;source_checked_at=2026-08-20T12:11:07.553Z,
GFSC,ra-reg-gfsc,ra-auth-gg-1e035352eed2575c,GG,Guernsey Financial Services Commission,insurance;pensions;prudential_supervision;securities,caseLevelSpecificity,25,100,true,sample_size=32;complete_case_fields=32;Fields read directly from /api/unified/search sample; monetary amount is not required.,
GFSC,ra-reg-gfsc,ra-auth-gg-1e035352eed2575c,GG,Guernsey Financial Services Commission,insurance;pensions;prudential_supervision;securities,sourceTraceability,20,100,true,"sample_size=32;traceable_cases=32;verified_source_status_cases=32;Traceability requires a stable case ID, official-source URL field and explicit source-link status; verified status is reported but not substituted for missing evidence.",
GFSC,ra-reg-gfsc,ra-auth-gg-1e035352eed2575c,GG,Guernsey Financial Services Commission,insurance;pensions;prudential_supervision;securities,archiveDepth,20,88.8889,true,"active_years=9;authority_id=ra-auth-gg-1e035352eed2575c;archive_access_state=dated-first-page-signal;Observed active years are an archive-depth observation, not a completeness claim; ten or more observed years reaches the component ceiling.",
GFSC,ra-reg-gfsc,ra-auth-gg-1e035352eed2575c,GG,Guernsey Financial Services Commission,insurance;pensions;prudential_supervision;securities,timeliness,15,8.8889,true,"age_days=164;stale_after_days=180;cadence=daily;This is timeliness against the regulator-specific RegActions observation contract, not an inferred publication-delay measure.",
CIRO,ra-reg-ciro,,CA,,,accessibility,20,,false,,No qualified official publication route matched the live regulator.
CIRO,ra-reg-ciro,,CA,,,caseLevelSpecificity,25,100,true,sample_size=100;complete_case_fields=100;Fields read directly from /api/unified/search sample; monetary amount is not required.,
CIRO,ra-reg-ciro,,CA,,,sourceTraceability,20,100,true,"sample_size=100;traceable_cases=100;verified_source_status_cases=30;Traceability requires a stable case ID, official-source URL field and explicit source-link status; verified status is reported but not substituted for missing evidence.",
CIRO,ra-reg-ciro,,CA,,,archiveDepth,20,,false,active_years=8,"Archive span is present in the live observation, but the mapped official publication route is not approved-for-human-contract."
CIRO,ra-reg-ciro,,CA,,,timeliness,15,98.3562,true,"age_days=6;stale_after_days=365;cadence=fragile;This is timeliness against the regulator-specific RegActions observation contract, not an inferred publication-delay measure.",
SEC,ra-reg-sec,ra-auth-us-321899cf1be8b63f,US,Securities and Exchange Commission*,securities,accessibility,20,100,true,access_state=reachable;source_route_state=authority-owned;source_checked_at=2026-08-20T12:11:07.553Z,
SEC,ra-reg-sec,ra-auth-us-321899cf1be8b63f,US,Securities and Exchange Commission*,securities,caseLevelSpecificity,25,100,true,sample_size=100;complete_case_fields=100;Fields read directly from /api/unified/search sample; monetary amount is not required.,
SEC,ra-reg-sec,ra-auth-us-321899cf1be8b63f,US,Securities and Exchange Commission*,securities,sourceTraceability,20,100,true,"sample_size=100;traceable_cases=100;verified_source_status_cases=0;Traceability requires a stable case ID, official-source URL field and explicit source-link status; verified status is reported but not substituted for missing evidence.",
SEC,ra-reg-sec,ra-auth-us-321899cf1be8b63f,US,Securities and Exchange Commission*,securities,archiveDepth,20,100,true,"active_years=15;authority_id=ra-auth-us-321899cf1be8b63f;archive_access_state=first-page-observed-no-date;Observed active years are an archive-depth observation, not a completeness claim; ten or more observed years reaches the component ceiling.",
SEC,ra-reg-sec,ra-auth-us-321899cf1be8b63f,US,Securities and Exchange Commission*,securities,timeliness,15,98.3333,true,"age_days=2;stale_after_days=120;cadence=daily;This is timeliness against the regulator-specific RegActions observation contract, not an inferred publication-delay measure.",
SEBI,ra-reg-sebi,ra-auth-in-1a442264a9b3e9f5,IN,Securities and Exchange Board of India*,securities,accessibility,20,,false,,No qualified official publication route matched the live regulator.
SEBI,ra-reg-sebi,ra-auth-in-1a442264a9b3e9f5,IN,Securities and Exchange Board of India*,securities,caseLevelSpecificity,25,100,true,sample_size=100;complete_case_fields=100;Fields read directly from /api/unified/search sample; monetary amount is not required.,
SEBI,ra-reg-sebi,ra-auth-in-1a442264a9b3e9f5,IN,Securities and Exchange Board of India*,securities,sourceTraceability,20,100,true,"sample_size=100;traceable_cases=100;verified_source_status_cases=16;Traceability requires a stable case ID, official-source URL field and explicit source-link status; verified status is reported but not substituted for missing evidence.",
SEBI,ra-reg-sebi,ra-auth-in-1a442264a9b3e9f5,IN,Securities and Exchange Board of India*,securities,archiveDepth,20,,false,active_years=5,"Archive span is present in the live observation, but the mapped official publication route is not approved-for-human-contract."
SEBI,ra-reg-sebi,ra-auth-in-1a442264a9b3e9f5,IN,Securities and Exchange Board of India*,securities,timeliness,15,88.8889,true,"age_days=20;stale_after_days=180;cadence=daily;This is timeliness against the regulator-specific RegActions observation contract, not an inferred publication-delay measure.",
TWFSC,ra-reg-twfsc,ra-auth-tw-19b695d9525b0615,TW,Financial Supervisory Commission,insurance;securities,accessibility,20,,false,qualification_state=manual-review-required,Official route remains under review and cannot support an accessibility component.
TWFSC,ra-reg-twfsc,ra-auth-tw-19b695d9525b0615,TW,Financial Supervisory Commission,insurance;securities,caseLevelSpecificity,25,100,true,sample_size=100;complete_case_fields=100;Fields read directly from /api/unified/search sample; monetary amount is not required.,
TWFSC,ra-reg-twfsc,ra-auth-tw-19b695d9525b0615,TW,Financial Supervisory Commission,insurance;securities,sourceTraceability,20,100,true,"sample_size=100;traceable_cases=100;verified_source_status_cases=100;Traceability requires a stable case ID, official-source URL field and explicit source-link status; verified status is reported but not substituted for missing evidence.",
TWFSC,ra-reg-twfsc,ra-auth-tw-19b695d9525b0615,TW,Financial Supervisory Commission,insurance;securities,archiveDepth,20,,false,active_years=15,"Archive span is present in the live observation, but the mapped official publication route is not approved-for-human-contract."
TWFSC,ra-reg-twfsc,ra-auth-tw-19b695d9525b0615,TW,Financial Supervisory Commission,insurance;securities,timeliness,15,95,true,"age_days=9;stale_after_days=180;cadence=daily;This is timeliness against the regulator-specific RegActions observation contract, not an inferred publication-delay measure.",
CVM,ra-reg-cvm,ra-auth-br-a59437c9ce1f582b,BR,Comissão de Valores Mobiliários*,securities,accessibility,20,,false,qualification_state=browser-review-required,Official route remains under review and cannot support an accessibility component.
CVM,ra-reg-cvm,ra-auth-br-a59437c9ce1f582b,BR,Comissão de Valores Mobiliários*,securities,caseLevelSpecificity,25,100,true,sample_size=100;complete_case_fields=100;Fields read directly from /api/unified/search sample; monetary amount is not required.,
CVM,ra-reg-cvm,ra-auth-br-a59437c9ce1f582b,BR,Comissão de Valores Mobiliários*,securities,sourceTraceability,20,100,true,"sample_size=100;traceable_cases=100;verified_source_status_cases=100;Traceability requires a stable case ID, official-source URL field and explicit source-link status; verified status is reported but not substituted for missing evidence.",
CVM,ra-reg-cvm,ra-auth-br-a59437c9ce1f582b,BR,Comissão de Valores Mobiliários*,securities,archiveDepth,20,,false,active_years=6,"Archive span is present in the live observation, but the mapped official publication route is not approved-for-human-contract."
CVM,ra-reg-cvm,ra-auth-br-a59437c9ce1f582b,BR,Comissão de Valores Mobiliários*,securities,timeliness,15,95,true,"age_days=9;stale_after_days=180;cadence=daily;This is timeliness against the regulator-specific RegActions observation contract, not an inferred publication-delay measure.",
HKMA,ra-reg-hkma,ra-auth-hk-a01a8df1dfe9cf6d,HK,Hong Kong Monetary Authority,prudential_supervision,accessibility,20,100,true,access_state=reachable;source_route_state=authority-owned;source_checked_at=2026-08-20T12:11:07.553Z,
HKMA,ra-reg-hkma,ra-auth-hk-a01a8df1dfe9cf6d,HK,Hong Kong Monetary Authority,prudential_supervision,caseLevelSpecificity,25,100,true,sample_size=23;complete_case_fields=23;Fields read directly from /api/unified/search sample; monetary amount is not required.,
HKMA,ra-reg-hkma,ra-auth-hk-a01a8df1dfe9cf6d,HK,Hong Kong Monetary Authority,prudential_supervision,sourceTraceability,20,100,true,"sample_size=23;traceable_cases=23;verified_source_status_cases=23;Traceability requires a stable case ID, official-source URL field and explicit source-link status; verified status is reported but not substituted for missing evidence.",
HKMA,ra-reg-hkma,ra-auth-hk-a01a8df1dfe9cf6d,HK,Hong Kong Monetary Authority,prudential_supervision,archiveDepth,20,55.5556,true,"active_years=6;authority_id=ra-auth-hk-a01a8df1dfe9cf6d;archive_access_state=dated-first-page-signal;Observed active years are an archive-depth observation, not a completeness claim; ten or more observed years reaches the component ceiling.",
HKMA,ra-reg-hkma,ra-auth-hk-a01a8df1dfe9cf6d,HK,Hong Kong Monetary Authority,prudential_supervision,timeliness,15,,false,age_days=394;automation_level=low_frequency,Low-frequency or sparse source is kept as a watch; observation age is not treated as a failed transparency score.
ASIC,ra-reg-asic,ra-auth-au-5c0fc27b9fcb29ac,AU,Australian Securities and Investments Commission*,insurance;securities,accessibility,20,100,true,access_state=reachable;source_route_state=authority-owned;source_checked_at=2026-08-20T12:11:07.553Z,
ASIC,ra-reg-asic,ra-auth-au-5c0fc27b9fcb29ac,AU,Australian Securities and Investments Commission*,insurance;securities,caseLevelSpecificity,25,100,true,sample_size=100;complete_case_fields=100;Fields read directly from /api/unified/search sample; monetary amount is not required.,
ASIC,ra-reg-asic,ra-auth-au-5c0fc27b9fcb29ac,AU,Australian Securities and Investments Commission*,insurance;securities,sourceTraceability,20,100,true,"sample_size=100;traceable_cases=100;verified_source_status_cases=97;Traceability requires a stable case ID, official-source URL field and explicit source-link status; verified status is reported but not substituted for missing evidence.",
ASIC,ra-reg-asic,ra-auth-au-5c0fc27b9fcb29ac,AU,Australian Securities and Investments Commission*,insurance;securities,archiveDepth,20,100,true,"active_years=13;authority_id=ra-auth-au-5c0fc27b9fcb29ac;archive_access_state=first-page-observed-no-date;Observed active years are an archive-depth observation, not a completeness claim; ten or more observed years reaches the component ceiling.",
ASIC,ra-reg-asic,ra-auth-au-5c0fc27b9fcb29ac,AU,Australian Securities and Investments Commission*,insurance;securities,timeliness,15,88.8889,true,"age_days=20;stale_after_days=180;cadence=daily;This is timeliness against the regulator-specific RegActions observation contract, not an inferred publication-delay measure.",
AUSTRAC,ra-reg-austrac,ra-auth-au-a991c73127987db8,AU,The Australian Transaction Reports and Analysis Centre (AUSTRAC),financial_intelligence,accessibility,20,,false,,No qualified official publication route matched the live regulator.
AUSTRAC,ra-reg-austrac,ra-auth-au-a991c73127987db8,AU,The Australian Transaction Reports and Analysis Centre (AUSTRAC),financial_intelligence,caseLevelSpecificity,25,100,true,sample_size=70;complete_case_fields=70;Fields read directly from /api/unified/search sample; monetary amount is not required.,
AUSTRAC,ra-reg-austrac,ra-auth-au-a991c73127987db8,AU,The Australian Transaction Reports and Analysis Centre (AUSTRAC),financial_intelligence,sourceTraceability,20,100,true,"sample_size=70;traceable_cases=70;verified_source_status_cases=0;Traceability requires a stable case ID, official-source URL field and explicit source-link status; verified status is reported but not substituted for missing evidence.",
AUSTRAC,ra-reg-austrac,ra-auth-au-a991c73127987db8,AU,The Australian Transaction Reports and Analysis Centre (AUSTRAC),financial_intelligence,archiveDepth,20,,false,active_years=18,"Archive span is present in the live observation, but the mapped official publication route is not approved-for-human-contract."
AUSTRAC,ra-reg-austrac,ra-auth-au-a991c73127987db8,AU,The Australian Transaction Reports and Analysis Centre (AUSTRAC),financial_intelligence,timeliness,15,36.7123,true,"age_days=231;stale_after_days=365;cadence=fragile;This is timeliness against the regulator-specific RegActions observation contract, not an inferred publication-delay measure.",
MAS,ra-reg-mas,ra-auth-sg-ed322819dc95a306,SG,Monetary Authority of Singapore,insurance;prudential_supervision;securities,accessibility,20,100,true,access_state=reachable;source_route_state=authority-owned;source_checked_at=2026-08-20T12:11:07.553Z,
MAS,ra-reg-mas,ra-auth-sg-ed322819dc95a306,SG,Monetary Authority of Singapore,insurance;prudential_supervision;securities,caseLevelSpecificity,25,100,true,sample_size=27;complete_case_fields=27;Fields read directly from /api/unified/search sample; monetary amount is not required.,
MAS,ra-reg-mas,ra-auth-sg-ed322819dc95a306,SG,Monetary Authority of Singapore,insurance;prudential_supervision;securities,sourceTraceability,20,100,true,"sample_size=27;traceable_cases=27;verified_source_status_cases=0;Traceability requires a stable case ID, official-source URL field and explicit source-link status; verified status is reported but not substituted for missing evidence.",
MAS,ra-reg-mas,ra-auth-sg-ed322819dc95a306,SG,Monetary Authority of Singapore,insurance;prudential_supervision;securities,archiveDepth,20,33.3333,true,"active_years=4;authority_id=ra-auth-sg-ed322819dc95a306;archive_access_state=dated-first-page-signal;Observed active years are an archive-depth observation, not a completeness claim; ten or more observed years reaches the component ceiling.",
MAS,ra-reg-mas,ra-auth-sg-ed322819dc95a306,SG,Monetary Authority of Singapore,insurance;prudential_supervision;securities,timeliness,15,71.6667,true,"age_days=51;stale_after_days=180;cadence=daily;This is timeliness against the regulator-specific RegActions observation contract, not an inferred publication-delay measure.",
OCC,ra-reg-occ,ra-auth-us-536892012d88d798,US,Office of the Comptroller of the Currency,prudential_supervision,accessibility,20,,false,qualification_state=manual-review-required,Official route remains under review and cannot support an accessibility component.
OCC,ra-reg-occ,ra-auth-us-536892012d88d798,US,Office of the Comptroller of the Currency,prudential_supervision,caseLevelSpecificity,25,100,true,sample_size=100;complete_case_fields=100;Fields read directly from /api/unified/search sample; monetary amount is not required.,
OCC,ra-reg-occ,ra-auth-us-536892012d88d798,US,Office of the Comptroller of the Currency,prudential_supervision,sourceTraceability,20,100,true,"sample_size=100;traceable_cases=100;verified_source_status_cases=0;Traceability requires a stable case ID, official-source URL field and explicit source-link status; verified status is reported but not substituted for missing evidence.",
OCC,ra-reg-occ,ra-auth-us-536892012d88d798,US,Office of the Comptroller of the Currency,prudential_supervision,archiveDepth,20,,false,active_years=39,"Archive span is present in the live observation, but the mapped official publication route is not approved-for-human-contract."
OCC,ra-reg-occ,ra-auth-us-536892012d88d798,US,Office of the Comptroller of the Currency,prudential_supervision,timeliness,15,80,true,"age_days=36;stale_after_days=180;cadence=daily;This is timeliness against the regulator-specific RegActions observation contract, not an inferred publication-delay measure.",
FINCEN,ra-reg-fincen,ra-auth-us-62a5bd0929843be2,US,Financial Crimes Enforcement Network (FinCEN),financial_intelligence,accessibility,20,,false,,No qualified official publication route matched the live regulator.
FINCEN,ra-reg-fincen,ra-auth-us-62a5bd0929843be2,US,Financial Crimes Enforcement Network (FinCEN),financial_intelligence,caseLevelSpecificity,25,100,true,sample_size=100;complete_case_fields=100;Fields read directly from /api/unified/search sample; monetary amount is not required.,
FINCEN,ra-reg-fincen,ra-auth-us-62a5bd0929843be2,US,Financial Crimes Enforcement Network (FinCEN),financial_intelligence,sourceTraceability,20,100,true,"sample_size=100;traceable_cases=100;verified_source_status_cases=100;Traceability requires a stable case ID, official-source URL field and explicit source-link status; verified status is reported but not substituted for missing evidence.",
FINCEN,ra-reg-fincen,ra-auth-us-62a5bd0929843be2,US,Financial Crimes Enforcement Network (FinCEN),financial_intelligence,archiveDepth,20,,false,active_years=28,"Archive span is present in the live observation, but the mapped official publication route is not approved-for-human-contract."
FINCEN,ra-reg-fincen,ra-auth-us-62a5bd0929843be2,US,Financial Crimes Enforcement Network (FinCEN),financial_intelligence,timeliness,15,90.5556,true,"age_days=17;stale_after_days=180;cadence=daily;This is timeliness against the regulator-specific RegActions observation contract, not an inferred publication-delay measure.",
FINMA,ra-reg-finma,ra-auth-ch-fef82880ed479788,CH,Swiss Financial Market Supervisory Authority (FINMA),insurance;prudential_supervision;securities,accessibility,20,100,true,access_state=reachable;source_route_state=authority-owned;source_checked_at=2026-08-20T12:11:07.553Z,
FINMA,ra-reg-finma,ra-auth-ch-fef82880ed479788,CH,Swiss Financial Market Supervisory Authority (FINMA),insurance;prudential_supervision;securities,caseLevelSpecificity,25,100,true,sample_size=26;complete_case_fields=26;Fields read directly from /api/unified/search sample; monetary amount is not required.,
FINMA,ra-reg-finma,ra-auth-ch-fef82880ed479788,CH,Swiss Financial Market Supervisory Authority (FINMA),insurance;prudential_supervision;securities,sourceTraceability,20,100,true,"sample_size=26;traceable_cases=26;verified_source_status_cases=20;Traceability requires a stable case ID, official-source URL field and explicit source-link status; verified status is reported but not substituted for missing evidence.",
FINMA,ra-reg-finma,ra-auth-ch-fef82880ed479788,CH,Swiss Financial Market Supervisory Authority (FINMA),insurance;prudential_supervision;securities,archiveDepth,20,88.8889,true,"active_years=9;authority_id=ra-auth-ch-fef82880ed479788;archive_access_state=first-page-observed-no-date;Observed active years are an archive-depth observation, not a completeness claim; ten or more observed years reaches the component ceiling.",
FINMA,ra-reg-finma,ra-auth-ch-fef82880ed479788,CH,Swiss Financial Market Supervisory Authority (FINMA),insurance;prudential_supervision;securities,timeliness,15,69.589,true,"age_days=111;stale_after_days=365;cadence=fragile;This is timeliness against the regulator-specific RegActions observation contract, not an inferred publication-delay measure.",
SESC,ra-reg-sesc,,JP,,,accessibility,20,,false,,No qualified official publication route matched the live regulator.
SESC,ra-reg-sesc,,JP,,,caseLevelSpecificity,25,100,true,sample_size=74;complete_case_fields=74;Fields read directly from /api/unified/search sample; monetary amount is not required.,
SESC,ra-reg-sesc,,JP,,,sourceTraceability,20,100,true,"sample_size=74;traceable_cases=74;verified_source_status_cases=74;Traceability requires a stable case ID, official-source URL field and explicit source-link status; verified status is reported but not substituted for missing evidence.",
SESC,ra-reg-sesc,,JP,,,archiveDepth,20,,false,active_years=4,"Archive span is present in the live observation, but the mapped official publication route is not approved-for-human-contract."
SESC,ra-reg-sesc,,JP,,,timeliness,15,76.1111,true,"age_days=43;stale_after_days=180;cadence=daily;This is timeliness against the regulator-specific RegActions observation contract, not an inferred publication-delay measure.",
FMANZ,ra-reg-fmanz,ra-auth-nz-26cfbdac8baf745d,NZ,Financial Markets Authority,securities,accessibility,20,,false,,No qualified official publication route matched the live regulator.
FMANZ,ra-reg-fmanz,ra-auth-nz-26cfbdac8baf745d,NZ,Financial Markets Authority,securities,caseLevelSpecificity,25,100,true,sample_size=100;complete_case_fields=100;Fields read directly from /api/unified/search sample; monetary amount is not required.,
FMANZ,ra-reg-fmanz,ra-auth-nz-26cfbdac8baf745d,NZ,Financial Markets Authority,securities,sourceTraceability,20,100,true,"sample_size=100;traceable_cases=100;verified_source_status_cases=20;Traceability requires a stable case ID, official-source URL field and explicit source-link status; verified status is reported but not substituted for missing evidence.",
FMANZ,ra-reg-fmanz,ra-auth-nz-26cfbdac8baf745d,NZ,Financial Markets Authority,securities,archiveDepth,20,,false,active_years=12,"Archive span is present in the live observation, but the mapped official publication route is not approved-for-human-contract."
FMANZ,ra-reg-fmanz,ra-auth-nz-26cfbdac8baf745d,NZ,Financial Markets Authority,securities,timeliness,15,75,true,"age_days=45;stale_after_days=180;cadence=daily;This is timeliness against the regulator-specific RegActions observation contract, not an inferred publication-delay measure.",
FDIC,ra-reg-fdic,ra-auth-us-1d4a8d980adde2a5,US,Federal Deposit Insurance Corporation DC,prudential_supervision,accessibility,20,,false,,No qualified official publication route matched the live regulator.
FDIC,ra-reg-fdic,ra-auth-us-1d4a8d980adde2a5,US,Federal Deposit Insurance Corporation DC,prudential_supervision,caseLevelSpecificity,25,100,true,sample_size=100;complete_case_fields=100;Fields read directly from /api/unified/search sample; monetary amount is not required.,
FDIC,ra-reg-fdic,ra-auth-us-1d4a8d980adde2a5,US,Federal Deposit Insurance Corporation DC,prudential_supervision,sourceTraceability,20,100,true,"sample_size=100;traceable_cases=100;verified_source_status_cases=0;Traceability requires a stable case ID, official-source URL field and explicit source-link status; verified status is reported but not substituted for missing evidence.",
FDIC,ra-reg-fdic,ra-auth-us-1d4a8d980adde2a5,US,Federal Deposit Insurance Corporation DC,prudential_supervision,archiveDepth,20,,false,active_years=38,"Archive span is present in the live observation, but the mapped official publication route is not approved-for-human-contract."
FDIC,ra-reg-fdic,ra-auth-us-1d4a8d980adde2a5,US,Federal Deposit Insurance Corporation DC,prudential_supervision,timeliness,15,86.0274,true,"age_days=51;stale_after_days=365;cadence=fragile;This is timeliness against the regulator-specific RegActions observation contract, not an inferred publication-delay measure.",
FRB,ra-reg-frb,ra-auth-us-4a694cd3deb787a6,US,Board of Governors of the Federal Reserve System,insurance;prudential_supervision,accessibility,20,100,true,access_state=reachable;source_route_state=authority-owned;source_checked_at=2026-08-20T12:11:07.553Z,
FRB,ra-reg-frb,ra-auth-us-4a694cd3deb787a6,US,Board of Governors of the Federal Reserve System,insurance;prudential_supervision,caseLevelSpecificity,25,100,true,sample_size=100;complete_case_fields=100;Fields read directly from /api/unified/search sample; monetary amount is not required.,
FRB,ra-reg-frb,ra-auth-us-4a694cd3deb787a6,US,Board of Governors of the Federal Reserve System,insurance;prudential_supervision,sourceTraceability,20,100,true,"sample_size=100;traceable_cases=100;verified_source_status_cases=0;Traceability requires a stable case ID, official-source URL field and explicit source-link status; verified status is reported but not substituted for missing evidence.",
FRB,ra-reg-frb,ra-auth-us-4a694cd3deb787a6,US,Board of Governors of the Federal Reserve System,insurance;prudential_supervision,archiveDepth,20,100,true,"active_years=38;authority_id=ra-auth-us-4a694cd3deb787a6;archive_access_state=first-page-observed-no-date;Observed active years are an archive-depth observation, not a completeness claim; ten or more observed years reaches the component ceiling.",
FRB,ra-reg-frb,ra-auth-us-4a694cd3deb787a6,US,Board of Governors of the Federal Reserve System,insurance;prudential_supervision,timeliness,15,91.6667,true,"age_days=15;stale_after_days=180;cadence=daily;This is timeliness against the regulator-specific RegActions observation contract, not an inferred publication-delay measure.",
SPK,ra-reg-spk,,TR,,,accessibility,20,,false,,No qualified official publication route matched the live regulator.
SPK,ra-reg-spk,,TR,,,caseLevelSpecificity,25,100,true,sample_size=100;complete_case_fields=100;Fields read directly from /api/unified/search sample; monetary amount is not required.,
SPK,ra-reg-spk,,TR,,,sourceTraceability,20,100,true,"sample_size=100;traceable_cases=100;verified_source_status_cases=100;Traceability requires a stable case ID, official-source URL field and explicit source-link status; verified status is reported but not substituted for missing evidence.",
SPK,ra-reg-spk,,TR,,,archiveDepth,20,,false,active_years=11,"Archive span is present in the live observation, but the mapped official publication route is not approved-for-human-contract."
SPK,ra-reg-spk,,TR,,,timeliness,15,96.1111,true,"age_days=7;stale_after_days=180;cadence=daily;This is timeliness against the regulator-specific RegActions observation contract, not an inferred publication-delay measure.",
GHSEC,ra-reg-ghsec,ra-auth-gh-1276eb0564999d02,GH,Securities and Exchange Commission,securities,accessibility,20,,false,,No qualified official publication route matched the live regulator.
GHSEC,ra-reg-ghsec,ra-auth-gh-1276eb0564999d02,GH,Securities and Exchange Commission,securities,caseLevelSpecificity,25,100,true,sample_size=68;complete_case_fields=68;Fields read directly from /api/unified/search sample; monetary amount is not required.,
GHSEC,ra-reg-ghsec,ra-auth-gh-1276eb0564999d02,GH,Securities and Exchange Commission,securities,sourceTraceability,20,100,true,"sample_size=68;traceable_cases=68;verified_source_status_cases=68;Traceability requires a stable case ID, official-source URL field and explicit source-link status; verified status is reported but not substituted for missing evidence.",
GHSEC,ra-reg-ghsec,ra-auth-gh-1276eb0564999d02,GH,Securities and Exchange Commission,securities,archiveDepth,20,,false,active_years=5,"Archive span is present in the live observation, but the mapped official publication route is not approved-for-human-contract."
GHSEC,ra-reg-ghsec,ra-auth-gh-1276eb0564999d02,GH,Securities and Exchange Commission,securities,timeliness,15,21.1111,true,"age_days=142;stale_after_days=180;cadence=daily;This is timeliness against the regulator-specific RegActions observation contract, not an inferred publication-delay measure.",
IOMFSA,ra-reg-iomfsa,ra-auth-im-fd7b7763058345b6,IM,Isle of Man Financial Services Authority,insurance;securities,accessibility,20,,false,,No qualified official publication route matched the live regulator.
IOMFSA,ra-reg-iomfsa,ra-auth-im-fd7b7763058345b6,IM,Isle of Man Financial Services Authority,insurance;securities,caseLevelSpecificity,25,100,true,sample_size=21;complete_case_fields=21;Fields read directly from /api/unified/search sample; monetary amount is not required.,
IOMFSA,ra-reg-iomfsa,ra-auth-im-fd7b7763058345b6,IM,Isle of Man Financial Services Authority,insurance;securities,sourceTraceability,20,100,true,"sample_size=21;traceable_cases=21;verified_source_status_cases=21;Traceability requires a stable case ID, official-source URL field and explicit source-link status; verified status is reported but not substituted for missing evidence.",
IOMFSA,ra-reg-iomfsa,ra-auth-im-fd7b7763058345b6,IM,Isle of Man Financial Services Authority,insurance;securities,archiveDepth,20,,false,active_years=7,"Archive span is present in the live observation, but the mapped official publication route is not approved-for-human-contract."
IOMFSA,ra-reg-iomfsa,ra-auth-im-fd7b7763058345b6,IM,Isle of Man Financial Services Authority,insurance;securities,timeliness,15,,false,age_days=429;automation_level=low_frequency,Low-frequency or sparse source is kept as a watch; observation age is not treated as a failed transparency score.
AMMC,ra-reg-ammc,ra-auth-ma-b5cfe30602d176ea,MA,Autorité Marocaine du Marché des Capitaux*,securities,accessibility,20,,false,,No qualified official publication route matched the live regulator.
AMMC,ra-reg-ammc,ra-auth-ma-b5cfe30602d176ea,MA,Autorité Marocaine du Marché des Capitaux*,securities,caseLevelSpecificity,25,100,true,sample_size=9;complete_case_fields=9;Fields read directly from /api/unified/search sample; monetary amount is not required.,
AMMC,ra-reg-ammc,ra-auth-ma-b5cfe30602d176ea,MA,Autorité Marocaine du Marché des Capitaux*,securities,sourceTraceability,20,100,true,"sample_size=9;traceable_cases=9;verified_source_status_cases=0;Traceability requires a stable case ID, official-source URL field and explicit source-link status; verified status is reported but not substituted for missing evidence.",
AMMC,ra-reg-ammc,ra-auth-ma-b5cfe30602d176ea,MA,Autorité Marocaine du Marché des Capitaux*,securities,archiveDepth,20,,false,active_years=3,"Archive span is present in the live observation, but the mapped official publication route is not approved-for-human-contract."
AMMC,ra-reg-ammc,ra-auth-ma-b5cfe30602d176ea,MA,Autorité Marocaine du Marché des Capitaux*,securities,timeliness,15,,false,age_days=896;automation_level=low_frequency,Low-frequency or sparse source is kept as a watch; observation age is not treated as a failed transparency score.
CNV,ra-reg-cnv,ra-auth-ar-12eb11a773eaa5ef,AR,Comisión Nacional de Valores*,securities,accessibility,20,,false,,No qualified official publication route matched the live regulator.
CNV,ra-reg-cnv,ra-auth-ar-12eb11a773eaa5ef,AR,Comisión Nacional de Valores*,securities,caseLevelSpecificity,25,100,true,sample_size=41;complete_case_fields=41;Fields read directly from /api/unified/search sample; monetary amount is not required.,
CNV,ra-reg-cnv,ra-auth-ar-12eb11a773eaa5ef,AR,Comisión Nacional de Valores*,securities,sourceTraceability,20,100,true,"sample_size=41;traceable_cases=41;verified_source_status_cases=41;Traceability requires a stable case ID, official-source URL field and explicit source-link status; verified status is reported but not substituted for missing evidence.",
CNV,ra-reg-cnv,ra-auth-ar-12eb11a773eaa5ef,AR,Comisión Nacional de Valores*,securities,archiveDepth,20,,false,active_years=2,"Archive span is present in the live observation, but the mapped official publication route is not approved-for-human-contract."
CNV,ra-reg-cnv,ra-auth-ar-12eb11a773eaa5ef,AR,Comisión Nacional de Valores*,securities,timeliness,15,60.5556,true,"age_days=71;stale_after_days=180;cadence=daily;This is timeliness against the regulator-specific RegActions observation contract, not an inferred publication-delay measure.",
FSS,ra-reg-fss,ra-auth-kr-49ea1165285ae629,KR,Financial Supervisory Service,insurance;pensions;prudential_supervision,accessibility,20,100,true,access_state=reachable;source_route_state=authority-owned;source_checked_at=2026-08-20T12:11:07.553Z,
FSS,ra-reg-fss,ra-auth-kr-49ea1165285ae629,KR,Financial Supervisory Service,insurance;pensions;prudential_supervision,caseLevelSpecificity,25,100,true,sample_size=40;complete_case_fields=40;Fields read directly from /api/unified/search sample; monetary amount is not required.,
FSS,ra-reg-fss,ra-auth-kr-49ea1165285ae629,KR,Financial Supervisory Service,insurance;pensions;prudential_supervision,sourceTraceability,20,100,true,"sample_size=40;traceable_cases=40;verified_source_status_cases=40;Traceability requires a stable case ID, official-source URL field and explicit source-link status; verified status is reported but not substituted for missing evidence.",
FSS,ra-reg-fss,ra-auth-kr-49ea1165285ae629,KR,Financial Supervisory Service,insurance;pensions;prudential_supervision,archiveDepth,20,100,true,"active_years=14;authority_id=ra-auth-kr-49ea1165285ae629;archive_access_state=first-page-observed-no-date;Observed active years are an archive-depth observation, not a completeness claim; ten or more observed years reaches the component ceiling.",
FSS,ra-reg-fss,ra-auth-kr-49ea1165285ae629,KR,Financial Supervisory Service,insurance;pensions;prudential_supervision,timeliness,15,31.6667,true,"age_days=123;stale_after_days=180;cadence=daily;This is timeliness against the regulator-specific RegActions observation contract, not an inferred publication-delay measure.",
OSC,ra-reg-osc,ra-auth-ca-27956873427bb2b2,CA,Ontario Securities Commission*,securities,accessibility,20,100,true,access_state=reachable;source_route_state=authority-owned;source_checked_at=2026-08-20T12:11:07.553Z,
OSC,ra-reg-osc,ra-auth-ca-27956873427bb2b2,CA,Ontario Securities Commission*,securities,caseLevelSpecificity,25,100,true,sample_size=100;complete_case_fields=100;Fields read directly from /api/unified/search sample; monetary amount is not required.,
OSC,ra-reg-osc,ra-auth-ca-27956873427bb2b2,CA,Ontario Securities Commission*,securities,sourceTraceability,20,100,true,"sample_size=100;traceable_cases=100;verified_source_status_cases=48;Traceability requires a stable case ID, official-source URL field and explicit source-link status; verified status is reported but not substituted for missing evidence.",
OSC,ra-reg-osc,ra-auth-ca-27956873427bb2b2,CA,Ontario Securities Commission*,securities,archiveDepth,20,100,true,"active_years=26;authority_id=ra-auth-ca-27956873427bb2b2;archive_access_state=dated-first-page-signal;Observed active years are an archive-depth observation, not a completeness claim; ten or more observed years reaches the component ceiling.",
OSC,ra-reg-osc,ra-auth-ca-27956873427bb2b2,CA,Ontario Securities Commission*,securities,timeliness,15,78.3562,true,"age_days=79;stale_after_days=365;cadence=daily;This is timeliness against the regulator-specific RegActions observation contract, not an inferred publication-delay measure.",
BDI,ra-reg-bdi,,IT,,,accessibility,20,,false,,No qualified official publication route matched the live regulator.
BDI,ra-reg-bdi,,IT,,,caseLevelSpecificity,25,100,true,sample_size=100;complete_case_fields=100;Fields read directly from /api/unified/search sample; monetary amount is not required.,
BDI,ra-reg-bdi,,IT,,,sourceTraceability,20,100,true,"sample_size=100;traceable_cases=100;verified_source_status_cases=99;Traceability requires a stable case ID, official-source URL field and explicit source-link status; verified status is reported but not substituted for missing evidence.",
BDI,ra-reg-bdi,,IT,,,archiveDepth,20,,false,active_years=7,"Archive span is present in the live observation, but the mapped official publication route is not approved-for-human-contract."
BDI,ra-reg-bdi,,IT,,,timeliness,15,67.7778,true,"age_days=58;stale_after_days=180;cadence=daily;This is timeliness against the regulator-specific RegActions observation contract, not an inferred publication-delay measure.",
ACPR,ra-reg-acpr,ra-auth-fr-97fa854639130439,FR,Autorité de Contrôle Prudentiel et de Résolution,insurance;pensions;prudential_supervision,accessibility,20,100,true,access_state=reachable;source_route_state=authority-owned;source_checked_at=2026-08-20T12:11:07.553Z,
ACPR,ra-reg-acpr,ra-auth-fr-97fa854639130439,FR,Autorité de Contrôle Prudentiel et de Résolution,insurance;pensions;prudential_supervision,caseLevelSpecificity,25,100,true,sample_size=78;complete_case_fields=78;Fields read directly from /api/unified/search sample; monetary amount is not required.,
ACPR,ra-reg-acpr,ra-auth-fr-97fa854639130439,FR,Autorité de Contrôle Prudentiel et de Résolution,insurance;pensions;prudential_supervision,sourceTraceability,20,100,true,"sample_size=78;traceable_cases=78;verified_source_status_cases=76;Traceability requires a stable case ID, official-source URL field and explicit source-link status; verified status is reported but not substituted for missing evidence.",
ACPR,ra-reg-acpr,ra-auth-fr-97fa854639130439,FR,Autorité de Contrôle Prudentiel et de Résolution,insurance;pensions;prudential_supervision,archiveDepth,20,100,true,"active_years=16;authority_id=ra-auth-fr-97fa854639130439;archive_access_state=dated-first-page-signal;Observed active years are an archive-depth observation, not a completeness claim; ten or more observed years reaches the component ceiling.",
ACPR,ra-reg-acpr,ra-auth-fr-97fa854639130439,FR,Autorité de Contrôle Prudentiel et de Résolution,insurance;pensions;prudential_supervision,timeliness,15,45,true,"age_days=99;stale_after_days=180;cadence=daily;This is timeliness against the regulator-specific RegActions observation contract, not an inferred publication-delay measure.",
CSSF,ra-reg-cssf,ra-auth-lu-4fbb7469ba4b7756,LU,Commission de Surveillance du Secteur Financier,pensions;prudential_supervision;securities,accessibility,20,100,true,access_state=reachable;source_route_state=authority-owned;source_checked_at=2026-08-20T12:11:07.553Z,
CSSF,ra-reg-cssf,ra-auth-lu-4fbb7469ba4b7756,LU,Commission de Surveillance du Secteur Financier,pensions;prudential_supervision;securities,caseLevelSpecificity,25,100,true,sample_size=100;complete_case_fields=100;Fields read directly from /api/unified/search sample; monetary amount is not required.,
CSSF,ra-reg-cssf,ra-auth-lu-4fbb7469ba4b7756,LU,Commission de Surveillance du Secteur Financier,pensions;prudential_supervision;securities,sourceTraceability,20,100,true,"sample_size=100;traceable_cases=100;verified_source_status_cases=100;Traceability requires a stable case ID, official-source URL field and explicit source-link status; verified status is reported but not substituted for missing evidence.",
CSSF,ra-reg-cssf,ra-auth-lu-4fbb7469ba4b7756,LU,Commission de Surveillance du Secteur Financier,pensions;prudential_supervision;securities,archiveDepth,20,66.6667,true,"active_years=7;authority_id=ra-auth-lu-4fbb7469ba4b7756;archive_access_state=dated-first-page-signal;Observed active years are an archive-depth observation, not a completeness claim; ten or more observed years reaches the component ceiling.",
CSSF,ra-reg-cssf,ra-auth-lu-4fbb7469ba4b7756,LU,Commission de Surveillance du Secteur Financier,pensions;prudential_supervision;securities,timeliness,15,83.3333,true,"age_days=30;stale_after_days=180;cadence=daily;This is timeliness against the regulator-specific RegActions observation contract, not an inferred publication-delay measure.",
FSMA,ra-reg-fsma,ra-auth-be-60ac8fc270c21dc9,BE,Financial Services and Markets Authority*,insurance;pensions;securities,accessibility,20,100,true,access_state=reachable;source_route_state=authority-owned;source_checked_at=2026-08-20T12:11:07.553Z,
FSMA,ra-reg-fsma,ra-auth-be-60ac8fc270c21dc9,BE,Financial Services and Markets Authority*,insurance;pensions;securities,caseLevelSpecificity,25,100,true,sample_size=100;complete_case_fields=100;Fields read directly from /api/unified/search sample; monetary amount is not required.,
FSMA,ra-reg-fsma,ra-auth-be-60ac8fc270c21dc9,BE,Financial Services and Markets Authority*,insurance;pensions;securities,sourceTraceability,20,100,true,"sample_size=100;traceable_cases=100;verified_source_status_cases=100;Traceability requires a stable case ID, official-source URL field and explicit source-link status; verified status is reported but not substituted for missing evidence.",
FSMA,ra-reg-fsma,ra-auth-be-60ac8fc270c21dc9,BE,Financial Services and Markets Authority*,insurance;pensions;securities,archiveDepth,20,100,true,"active_years=18;authority_id=ra-auth-be-60ac8fc270c21dc9;archive_access_state=first-page-observed-no-date;Observed active years are an archive-depth observation, not a completeness claim; ten or more observed years reaches the component ceiling.",
FSMA,ra-reg-fsma,ra-auth-be-60ac8fc270c21dc9,BE,Financial Services and Markets Authority*,insurance;pensions;securities,timeliness,15,69.4444,true,"age_days=55;stale_after_days=180;cadence=daily;This is timeliness against the regulator-specific RegActions observation contract, not an inferred publication-delay measure.",
FMAAT,ra-reg-fmaat,ra-auth-at-0c2dcb3373507cc1,AT,Austrian Financial Market Authority,insurance;pensions;prudential_supervision;securities,accessibility,20,,false,,No qualified official publication route matched the live regulator.
FMAAT,ra-reg-fmaat,ra-auth-at-0c2dcb3373507cc1,AT,Austrian Financial Market Authority,insurance;pensions;prudential_supervision;securities,caseLevelSpecificity,25,100,true,sample_size=100;complete_case_fields=100;Fields read directly from /api/unified/search sample; monetary amount is not required.,
FMAAT,ra-reg-fmaat,ra-auth-at-0c2dcb3373507cc1,AT,Austrian Financial Market Authority,insurance;pensions;prudential_supervision;securities,sourceTraceability,20,100,true,"sample_size=100;traceable_cases=100;verified_source_status_cases=66;Traceability requires a stable case ID, official-source URL field and explicit source-link status; verified status is reported but not substituted for missing evidence.",
FMAAT,ra-reg-fmaat,ra-auth-at-0c2dcb3373507cc1,AT,Austrian Financial Market Authority,insurance;pensions;prudential_supervision;securities,archiveDepth,20,,false,active_years=8,"Archive span is present in the live observation, but the mapped official publication route is not approved-for-human-contract."
FMAAT,ra-reg-fmaat,ra-auth-at-0c2dcb3373507cc1,AT,Austrian Financial Market Authority,insurance;pensions;prudential_supervision;securities,timeliness,15,86.5753,true,"age_days=49;stale_after_days=365;cadence=fragile;This is timeliness against the regulator-specific RegActions observation contract, not an inferred publication-delay measure.",
CNBCZ,ra-reg-cnbcz,ra-auth-cz-c9c68c4d2da33262,CZ,Czech National Bank,insurance;pensions;prudential_supervision;securities,accessibility,20,,false,qualification_state=manual-review-required,Official route remains under review and cannot support an accessibility component.
CNBCZ,ra-reg-cnbcz,ra-auth-cz-c9c68c4d2da33262,CZ,Czech National Bank,insurance;pensions;prudential_supervision;securities,caseLevelSpecificity,25,100,true,sample_size=100;complete_case_fields=100;Fields read directly from /api/unified/search sample; monetary amount is not required.,
CNBCZ,ra-reg-cnbcz,ra-auth-cz-c9c68c4d2da33262,CZ,Czech National Bank,insurance;pensions;prudential_supervision;securities,sourceTraceability,20,100,true,"sample_size=100;traceable_cases=100;verified_source_status_cases=0;Traceability requires a stable case ID, official-source URL field and explicit source-link status; verified status is reported but not substituted for missing evidence.",
CNBCZ,ra-reg-cnbcz,ra-auth-cz-c9c68c4d2da33262,CZ,Czech National Bank,insurance;pensions;prudential_supervision;securities,archiveDepth,20,,false,active_years=18,"Archive span is present in the live observation, but the mapped official publication route is not approved-for-human-contract."
CNBCZ,ra-reg-cnbcz,ra-auth-cz-c9c68c4d2da33262,CZ,Czech National Bank,insurance;pensions;prudential_supervision;securities,timeliness,15,91.6667,true,"age_days=15;stale_after_days=180;cadence=daily;This is timeliness against the regulator-specific RegActions observation contract, not an inferred publication-delay measure.",
CMVM,ra-reg-cmvm,ra-auth-pt-9416ad68ffc0ead8,PT,Comissão do Mercado de Valores Mobiliários,securities,accessibility,20,,false,,No qualified official publication route matched the live regulator.
CMVM,ra-reg-cmvm,ra-auth-pt-9416ad68ffc0ead8,PT,Comissão do Mercado de Valores Mobiliários,securities,caseLevelSpecificity,25,100,true,sample_size=100;complete_case_fields=100;Fields read directly from /api/unified/search sample; monetary amount is not required.,
CMVM,ra-reg-cmvm,ra-auth-pt-9416ad68ffc0ead8,PT,Comissão do Mercado de Valores Mobiliários,securities,sourceTraceability,20,100,true,"sample_size=100;traceable_cases=100;verified_source_status_cases=100;Traceability requires a stable case ID, official-source URL field and explicit source-link status; verified status is reported but not substituted for missing evidence.",
CMVM,ra-reg-cmvm,ra-auth-pt-9416ad68ffc0ead8,PT,Comissão do Mercado de Valores Mobiliários,securities,archiveDepth,20,,false,active_years=10,"Archive span is present in the live observation, but the mapped official publication route is not approved-for-human-contract."
CMVM,ra-reg-cmvm,ra-auth-pt-9416ad68ffc0ead8,PT,Comissão do Mercado de Valores Mobiliários,securities,timeliness,15,92.0548,true,"age_days=29;stale_after_days=365;cadence=fragile;This is timeliness against the regulator-specific RegActions observation contract, not an inferred publication-delay measure.",
CYSEC,ra-reg-cysec,ra-auth-cy-763f7fdf3a372e1b,CY,Cyprus Securities and Exchange Commission,securities,accessibility,20,,false,qualification_state=browser-review-required,Official route remains under review and cannot support an accessibility component.
CYSEC,ra-reg-cysec,ra-auth-cy-763f7fdf3a372e1b,CY,Cyprus Securities and Exchange Commission,securities,caseLevelSpecificity,25,100,true,sample_size=100;complete_case_fields=100;Fields read directly from /api/unified/search sample; monetary amount is not required.,
CYSEC,ra-reg-cysec,ra-auth-cy-763f7fdf3a372e1b,CY,Cyprus Securities and Exchange Commission,securities,sourceTraceability,20,100,true,"sample_size=100;traceable_cases=100;verified_source_status_cases=100;Traceability requires a stable case ID, official-source URL field and explicit source-link status; verified status is reported but not substituted for missing evidence.",
CYSEC,ra-reg-cysec,ra-auth-cy-763f7fdf3a372e1b,CY,Cyprus Securities and Exchange Commission,securities,archiveDepth,20,,false,active_years=14,"Archive span is present in the live observation, but the mapped official publication route is not approved-for-human-contract."
CYSEC,ra-reg-cysec,ra-auth-cy-763f7fdf3a372e1b,CY,Cyprus Securities and Exchange Commission,securities,timeliness,15,90.5556,true,"age_days=17;stale_after_days=180;cadence=daily;This is timeliness against the regulator-specific RegActions observation contract, not an inferred publication-delay measure.",
FISE,ra-reg-fise,ra-auth-se-0ad84971070398be,SE,Finansinspektionen,prudential_supervision;securities,accessibility,20,100,true,access_state=reachable;source_route_state=authority-owned;source_checked_at=2026-08-20T12:11:07.553Z,
FISE,ra-reg-fise,ra-auth-se-0ad84971070398be,SE,Finansinspektionen,prudential_supervision;securities,caseLevelSpecificity,25,100,true,sample_size=64;complete_case_fields=64;Fields read directly from /api/unified/search sample; monetary amount is not required.,
FISE,ra-reg-fise,ra-auth-se-0ad84971070398be,SE,Finansinspektionen,prudential_supervision;securities,sourceTraceability,20,100,true,"sample_size=64;traceable_cases=64;verified_source_status_cases=63;Traceability requires a stable case ID, official-source URL field and explicit source-link status; verified status is reported but not substituted for missing evidence.",
FISE,ra-reg-fise,ra-auth-se-0ad84971070398be,SE,Finansinspektionen,prudential_supervision;securities,archiveDepth,20,100,true,"active_years=10;authority_id=ra-auth-se-0ad84971070398be;archive_access_state=first-page-observed-no-date;Observed active years are an archive-depth observation, not a completeness claim; ten or more observed years reaches the component ceiling.",
FISE,ra-reg-fise,ra-auth-se-0ad84971070398be,SE,Finansinspektionen,prudential_supervision;securities,timeliness,15,64.4444,true,"age_days=64;stale_after_days=180;cadence=daily;This is timeliness against the regulator-specific RegActions observation contract, not an inferred publication-delay measure.",
FTDK,ra-reg-ftdk,ra-auth-dk-74ed5e7e0e14a760,DK,Danish Financial Supervisory Authority,insurance;prudential_supervision;securities,accessibility,20,,false,,No qualified official publication route matched the live regulator.
FTDK,ra-reg-ftdk,ra-auth-dk-74ed5e7e0e14a760,DK,Danish Financial Supervisory Authority,insurance;prudential_supervision;securities,caseLevelSpecificity,25,100,true,sample_size=59;complete_case_fields=59;Fields read directly from /api/unified/search sample; monetary amount is not required.,
FTDK,ra-reg-ftdk,ra-auth-dk-74ed5e7e0e14a760,DK,Danish Financial Supervisory Authority,insurance;prudential_supervision;securities,sourceTraceability,20,100,true,"sample_size=59;traceable_cases=59;verified_source_status_cases=59;Traceability requires a stable case ID, official-source URL field and explicit source-link status; verified status is reported but not substituted for missing evidence.",
FTDK,ra-reg-ftdk,ra-auth-dk-74ed5e7e0e14a760,DK,Danish Financial Supervisory Authority,insurance;prudential_supervision;securities,archiveDepth,20,,false,active_years=13,"Archive span is present in the live observation, but the mapped official publication route is not approved-for-human-contract."
FTDK,ra-reg-ftdk,ra-auth-dk-74ed5e7e0e14a760,DK,Danish Financial Supervisory Authority,insurance;prudential_supervision;securities,timeliness,15,75,true,"age_days=45;stale_after_days=180;cadence=daily;This is timeliness against the regulator-specific RegActions observation contract, not an inferred publication-delay measure.",
FINFSA,ra-reg-finfsa,ra-auth-fi-e59f9db9ae9280fc,FI,Financial Supervisory Authority,prudential_supervision,accessibility,20,,false,qualification_state=manual-review-required,Official route remains under review and cannot support an accessibility component.
FINFSA,ra-reg-finfsa,ra-auth-fi-e59f9db9ae9280fc,FI,Financial Supervisory Authority,prudential_supervision,caseLevelSpecificity,25,100,true,sample_size=48;complete_case_fields=48;Fields read directly from /api/unified/search sample; monetary amount is not required.,
FINFSA,ra-reg-finfsa,ra-auth-fi-e59f9db9ae9280fc,FI,Financial Supervisory Authority,prudential_supervision,sourceTraceability,20,100,true,"sample_size=48;traceable_cases=48;verified_source_status_cases=47;Traceability requires a stable case ID, official-source URL field and explicit source-link status; verified status is reported but not substituted for missing evidence.",
FINFSA,ra-reg-finfsa,ra-auth-fi-e59f9db9ae9280fc,FI,Financial Supervisory Authority,prudential_supervision,archiveDepth,20,,false,active_years=13,"Archive span is present in the live observation, but the mapped official publication route is not approved-for-human-contract."
FINFSA,ra-reg-finfsa,ra-auth-fi-e59f9db9ae9280fc,FI,Financial Supervisory Authority,prudential_supervision,timeliness,15,46.1111,true,"age_days=97;stale_after_days=180;cadence=daily;This is timeliness against the regulator-specific RegActions observation contract, not an inferred publication-delay measure.",
FTNO,ra-reg-ftno,ra-auth-no-80719903f3ffe2e0,NO,Finanstilsynet (The Financial Supervisory Authority of Norway),insurance;prudential_supervision;securities,accessibility,20,,false,,No qualified official publication route matched the live regulator.
FTNO,ra-reg-ftno,ra-auth-no-80719903f3ffe2e0,NO,Finanstilsynet (The Financial Supervisory Authority of Norway),insurance;prudential_supervision;securities,caseLevelSpecificity,25,100,true,sample_size=42;complete_case_fields=42;Fields read directly from /api/unified/search sample; monetary amount is not required.,
FTNO,ra-reg-ftno,ra-auth-no-80719903f3ffe2e0,NO,Finanstilsynet (The Financial Supervisory Authority of Norway),insurance;prudential_supervision;securities,sourceTraceability,20,100,true,"sample_size=42;traceable_cases=42;verified_source_status_cases=42;Traceability requires a stable case ID, official-source URL field and explicit source-link status; verified status is reported but not substituted for missing evidence.",
FTNO,ra-reg-ftno,ra-auth-no-80719903f3ffe2e0,NO,Finanstilsynet (The Financial Supervisory Authority of Norway),insurance;prudential_supervision;securities,archiveDepth,20,,false,active_years=6,"Archive span is present in the live observation, but the mapped official publication route is not approved-for-human-contract."
FTNO,ra-reg-ftno,ra-auth-no-80719903f3ffe2e0,NO,Finanstilsynet (The Financial Supervisory Authority of Norway),insurance;prudential_supervision;securities,timeliness,15,60,true,"age_days=72;stale_after_days=180;cadence=daily;This is timeliness against the regulator-specific RegActions observation contract, not an inferred publication-delay measure.",
MFSA,ra-reg-mfsa,ra-auth-mt-0d68677a8237087f,MT,Malta Financial Services Authority,insurance;pensions;prudential_supervision;securities,accessibility,20,,false,,No qualified official publication route matched the live regulator.
MFSA,ra-reg-mfsa,ra-auth-mt-0d68677a8237087f,MT,Malta Financial Services Authority,insurance;pensions;prudential_supervision;securities,caseLevelSpecificity,25,100,true,sample_size=100;complete_case_fields=100;Fields read directly from /api/unified/search sample; monetary amount is not required.,
MFSA,ra-reg-mfsa,ra-auth-mt-0d68677a8237087f,MT,Malta Financial Services Authority,insurance;pensions;prudential_supervision;securities,sourceTraceability,20,100,true,"sample_size=100;traceable_cases=100;verified_source_status_cases=72;Traceability requires a stable case ID, official-source URL field and explicit source-link status; verified status is reported but not substituted for missing evidence.",
MFSA,ra-reg-mfsa,ra-auth-mt-0d68677a8237087f,MT,Malta Financial Services Authority,insurance;pensions;prudential_supervision;securities,archiveDepth,20,,false,active_years=18,"Archive span is present in the live observation, but the mapped official publication route is not approved-for-human-contract."
MFSA,ra-reg-mfsa,ra-auth-mt-0d68677a8237087f,MT,Malta Financial Services Authority,insurance;pensions;prudential_supervision;securities,timeliness,15,70.9589,true,"age_days=106;stale_after_days=365;cadence=fragile;This is timeliness against the regulator-specific RegActions observation contract, not an inferred publication-delay measure.",
IVASS,ra-reg-ivass,ra-auth-it-d255f9df495ac260,IT,Istituto per la Vigilanza sulle Assicurazioni (IVASS),insurance,accessibility,20,,false,qualification_state=manual-review-required,Official route remains under review and cannot support an accessibility component.
IVASS,ra-reg-ivass,ra-auth-it-d255f9df495ac260,IT,Istituto per la Vigilanza sulle Assicurazioni (IVASS),insurance,caseLevelSpecificity,25,100,true,sample_size=100;complete_case_fields=100;Fields read directly from /api/unified/search sample; monetary amount is not required.,
IVASS,ra-reg-ivass,ra-auth-it-d255f9df495ac260,IT,Istituto per la Vigilanza sulle Assicurazioni (IVASS),insurance,sourceTraceability,20,100,true,"sample_size=100;traceable_cases=100;verified_source_status_cases=100;Traceability requires a stable case ID, official-source URL field and explicit source-link status; verified status is reported but not substituted for missing evidence.",
IVASS,ra-reg-ivass,ra-auth-it-d255f9df495ac260,IT,Istituto per la Vigilanza sulle Assicurazioni (IVASS),insurance,archiveDepth,20,,false,active_years=4,"Archive span is present in the live observation, but the mapped official publication route is not approved-for-human-contract."
IVASS,ra-reg-ivass,ra-auth-it-d255f9df495ac260,IT,Istituto per la Vigilanza sulle Assicurazioni (IVASS),insurance,timeliness,15,21.4474,true,"age_days=597;stale_after_days=760;cadence=daily;This is timeliness against the regulator-specific RegActions observation contract, not an inferred publication-delay measure.",
FINRA,ra-reg-finra,,US,,,accessibility,20,,false,,No qualified official publication route matched the live regulator.
FINRA,ra-reg-finra,,US,,,caseLevelSpecificity,25,100,true,sample_size=100;complete_case_fields=100;Fields read directly from /api/unified/search sample; monetary amount is not required.,
FINRA,ra-reg-finra,,US,,,sourceTraceability,20,100,true,"sample_size=100;traceable_cases=100;verified_source_status_cases=0;Traceability requires a stable case ID, official-source URL field and explicit source-link status; verified status is reported but not substituted for missing evidence.",
FINRA,ra-reg-finra,,US,,,archiveDepth,20,,false,active_years=22,"Archive span is present in the live observation, but the mapped official publication route is not approved-for-human-contract."
FINRA,ra-reg-finra,,US,,,timeliness,15,90.5556,true,"age_days=17;stale_after_days=180;cadence=daily;This is timeliness against the regulator-specific RegActions observation contract, not an inferred publication-delay measure.",
SC,ra-reg-sc,ra-auth-my-9c2184698cd1832e,MY,Securities Commission*,securities,accessibility,20,100,true,access_state=reachable;source_route_state=authority-owned;source_checked_at=2026-08-20T12:11:07.553Z,
SC,ra-reg-sc,ra-auth-my-9c2184698cd1832e,MY,Securities Commission*,securities,caseLevelSpecificity,25,100,true,sample_size=97;complete_case_fields=97;Fields read directly from /api/unified/search sample; monetary amount is not required.,
SC,ra-reg-sc,ra-auth-my-9c2184698cd1832e,MY,Securities Commission*,securities,sourceTraceability,20,100,true,"sample_size=97;traceable_cases=97;verified_source_status_cases=94;Traceability requires a stable case ID, official-source URL field and explicit source-link status; verified status is reported but not substituted for missing evidence.",
SC,ra-reg-sc,ra-auth-my-9c2184698cd1832e,MY,Securities Commission*,securities,archiveDepth,20,44.4444,true,"active_years=5;authority_id=ra-auth-my-9c2184698cd1832e;archive_access_state=first-page-observed-no-date;Observed active years are an archive-depth observation, not a completeness claim; ten or more observed years reaches the component ceiling.",
SC,ra-reg-sc,ra-auth-my-9c2184698cd1832e,MY,Securities Commission*,securities,timeliness,15,68.3333,true,"age_days=57;stale_after_days=180;cadence=daily;This is timeliness against the regulator-specific RegActions observation contract, not an inferred publication-delay measure.",
CIMA,ra-reg-cima,ra-auth-ky-4cae34554efc1a6b,KY,Cayman Islands Monetary Authority,insurance;prudential_supervision;securities,accessibility,20,,false,qualification_state=browser-review-required,Official route remains under review and cannot support an accessibility component.
CIMA,ra-reg-cima,ra-auth-ky-4cae34554efc1a6b,KY,Cayman Islands Monetary Authority,insurance;prudential_supervision;securities,caseLevelSpecificity,25,100,true,sample_size=100;complete_case_fields=100;Fields read directly from /api/unified/search sample; monetary amount is not required.,
CIMA,ra-reg-cima,ra-auth-ky-4cae34554efc1a6b,KY,Cayman Islands Monetary Authority,insurance;prudential_supervision;securities,sourceTraceability,20,100,true,"sample_size=100;traceable_cases=100;verified_source_status_cases=100;Traceability requires a stable case ID, official-source URL field and explicit source-link status; verified status is reported but not substituted for missing evidence.",
CIMA,ra-reg-cima,ra-auth-ky-4cae34554efc1a6b,KY,Cayman Islands Monetary Authority,insurance;prudential_supervision;securities,archiveDepth,20,,false,active_years=10,"Archive span is present in the live observation, but the mapped official publication route is not approved-for-human-contract."
CIMA,ra-reg-cima,ra-auth-ky-4cae34554efc1a6b,KY,Cayman Islands Monetary Authority,insurance;prudential_supervision;securities,timeliness,15,60,true,"age_days=72;stale_after_days=180;cadence=daily;This is timeliness against the regulator-specific RegActions observation contract, not an inferred publication-delay measure.",
